day,country_code,publisher_id,config_name,request_types,requests,1_day_avg_pct_change,7_day_avg,7_day_avg_pct_change,28_day_avg,28_day_avg_pct_change
2023-10-06,US,14070,NA_US_OfferUp_ATS (Mobile - no UID),New Envelope,1.0,,,,,
2023-10-05,US,14069,NA_US_Central Garden and Pet_ATS,New Envelope,1.0,,,,,
2023-10-04,US,14046,NA_US_Trevor Test_ATS,New Envelope,6.0,5.0,,,,
2023-10-04,US,13532,APAC_AU_interplaymedia_zerotackle,New Envelope,2.0,0.0,,,,
2023-10-04,US,14067,NA_US_Ezoic_ATS,New Envelope,2.0,,,,,
2023-10-04,US,14052,NA_US_AudioMack(SDK),New Envelope,2.0,1.0,,,,
2023-09-26,US,14061,na_us_blitz gg_ats,New Envelope,2.0,0.0,3.142857142857143,,,
2023-09-21,US,13924,NA_US_Doodle_DONOTUSE,New Envelope,1443.0,0.0183486238532109,1224.0,-0.05959828778399745,,
2023-09-21,US,14058,na_us_precision reach_ats4m,New Envelope,1.0,,,,,
2023-09-20,US,13459,EU_FR_PetitFute,New Envelope,25.0,-0.2647058823529411,30.571428571428573,-0.5876685934489403,,
2023-09-20,US,14056,NA_US_DESTINAIONXL_ATS,New Envelope,10.0,2.3333333333333335,3.5714285714285716,-0.998663173092348,,
2023-09-18,US,14027,ATS4M_SG_Carousell,New Envelope,1.0,0.0,,,,
2023-09-15,US,14053,NA_US_Cunard_ATS4M,New Envelope,1.0,,,,,
2023-09-14,US,13624,APAC_TW_TNLMEDIA,New Envelope,89.0,0.09876543209876543,68.57142857142857,-0.2825112107623319,,
2023-09-14,US,13927,NA_US_TheGeneral_ATS4M,New Envelope,3.0,-0.25,,,,
2023-09-13,US,14047,APAC_SG_QUIZLY,New Envelope,127.0,-0.31351351351351353,180.0,-0.7857871472288338,,
2023-09-12,US,13987,NA_US_Fidelity_ATS4M,New Envelope,2.0,-0.8461538461538461,159.42857142857142,-0.9654200105351223,,
2023-09-12,US,14034,EU_DE_Azerion_Cartoonize,New Envelope,2.0,-0.9574468085106383,39.42857142857143,-0.09508196721311468,,
2023-09-09,US,1316,EU_FR_Webrivage,New Envelope,1.0,-0.5,2.142857142857143,-0.25,,
2023-09-08,US,13787,EU_BE_IPM_dhnet,New Envelope,4.0,0.33333333333333326,8.714285714285714,-0.2650602409638555,9.964285714285714,
2023-09-08,US,13693,EU_UK_HeyCar,New Envelope,3.0,2.0,3.142857142857143,-0.18518518518518523,,
2023-09-08,US,50,EU_IT_HeyMatic,New Envelope,3.0,0.0,2.857142857142857,-0.04761904761904756,,
2023-09-08,US,13770,EU_ES_AxelSpringer,New Envelope,3.0,-0.25,4.428571428571429,0.1923076923076923,,
2023-09-08,US,14049,NA_US_WILDSKY_ATS,New Envelope,3.0,0.0,4.571428571428571,-0.47540983606557374,7.107142857142857,
2023-09-08,US,13893,EU_GB_PMTEducation,New Envelope,2.0,0.0,1.2857142857142858,-0.18181818181818177,,
2023-09-07,US,2169,EU_ES_Hola,New Envelope,207.0,0.38926174496644306,115.71428571428571,1.3410404624277454,68.28571428571429,
2023-09-07,US,13235,EU_UK_TalkTalk-THM,New Envelope,89.0,0.27142857142857135,65.85714285714286,0.2985915492957747,57.964285714285715,
2023-09-07,US,13465,EU_UK_THM,New Envelope,35.0,-0.25531914893617025,33.42857142857143,0.3846153846153848,24.714285714285715,
2023-09-07,US,13619,EU_UK_Mumsnet,New Envelope,30.0,2.0,9.857142857142858,0.11290322580645151,20.071428571428573,
2023-09-07,US,13898,LATAM_MX_ELUNIVERSAL_ATS,New Envelope,18.0,-0.3076923076923077,31.714285714285715,-0.5044642857142857,55.892857142857146,
2023-09-07,US,13763,EU_UK_RocketSports_ATS,New Envelope,18.0,-0.09999999999999998,15.0,-0.05405405405405406,14.642857142857142,
2023-09-07,US,13953,EU_GB_ Propertypal,New Envelope,15.0,0.15384615384615374,10.285714285714286,0.41176470588235303,7.178571428571429,
2023-09-07,US,13785,EU_BE_IPM_lalibre,New Envelope,10.0,0.11111111111111116,6.857142857142857,-0.7876106194690266,34.535714285714285,
2023-09-07,US,13742,EU_BE_ProDuPress,New Envelope,7.0,0.75,3.2857142857142856,-0.2333333333333334,,
2023-09-07,US,13887,LATAM_BR_PENSADOR_ATS,New Envelope,4.0,1.0,2.7142857142857144,-0.04999999999999993,2.9642857142857144,
2023-09-07,US,123,EU_UK_PetMedia,New Envelope,3.0,2.0,2.4285714285714284,,,
2023-09-07,US,13978,EU_GB_Adfirst,New Envelope,1.0,-0.6666666666666667,2.0,0.2727272727272727,,
2023-09-07,US,13786,EU_BE_IPM_lavenir,New Envelope,1.0,-0.5,6.142857142857143,-0.41891891891891886,6.678571428571429,
2023-09-07,US,13832,EU_GB_Hoopla Digital_ATS,New Envelope,1.0,-0.8,2.2857142857142856,-0.5897435897435898,4.285714285714286,
2023-09-06,US,13588,EU_UK_ReachPLC,New Envelope,1122.0,-0.8690934546727336,4172.142857142857,1.2350195148082954,2282.3928571428573,
2023-09-06,US,13631,EU_FR_LeBonCoin,New Envelope,219.0,-0.9406664860471416,3232.1428571428573,-0.19524080529273669,3766.5,
2023-09-06,US,98,EU_FR_PrismaMediaGroup,New Envelope,59.0,-0.9096477794793262,533.0,-0.007712765957446743,529.7857142857143,
2023-09-01,US,14022,NA_US_Quicken_ATS4M,New Envelope,49.0,-0.18333333333333335,76.71428571428571,0.24305555555555536,56.67857142857143,
2023-08-29,US,13986,NA_US_MattressFirm_ATS4M,New Envelope,77.0,6.7,93.71428571428571,1.0,1866.6785714285713,
2023-08-28,US,13959,Marko's Test PAIR Publisher,New Envelope,5.0,,,,,
2023-08-17,US,13966,NA_US_Daily Beast_ATS,New Envelope,6.0,-0.4545454545454546,34567.28571428572,0.15252824508926044,30121.285714285714,
2023-08-16,US,13917,Anais Test,New Envelope,2.0,,,,,
2023-08-14,US,14020,NA_US_THEUSTRIVIA,New Envelope,3965.0,-0.2590170061670716,13092.57142857143,-0.2606349078294541,19818.321428571428,-0.1451237454072084
2023-08-10,US,14013,NA_US_Funcorp,New Envelope,1.0,-0.8,7.428571428571429,-0.9751789976133651,612.75,
2023-08-08,US,14017,NA_US_Tastemade_ATS,New Envelope,89.0,-0.28800000000000003,148.42857142857142,0.08004158004158013,147.64285714285714,0.0776850886339937
2023-08-03,US,14012,NA_US_Trebel-M&M,New Envelope,8709.0,-0.4717335921387844,17459.714285714286,0.3641772052996395,15324.07142857143,0.361681465919405
2023-08-02,US,13511,NA_US_News Corp - nypost.com_ATS,New Envelope,13.0,0.30000000000000004,5.428571428571429,0.11764705882352966,28066.89285714286,
2023-07-26,US,13997,NA_US_AAANortheast_ATS4M,New Envelope,29.0,-0.546875,3603.714285714286,-0.8746316129513207,21848.678571428572,-0.015825289575289503
2023-07-25,US,13888,LATAM_MX_PLAYMAKER_ATS,New Envelope,1.0,-0.5,2.0,-0.33333333333333337,,
2023-07-24,US,14010,Magnite DV+ Envelope Test Ramp ID UID COREID,New Envelope,6.0,2.0,,,,
2023-07-24,US,14006,NA_US_OfferUp_ATS (Web - no UID),New Envelope,3.0,-0.8695652173913043,10732.42857142857,-0.7090209809169323,31588.85714285714,-0.5906783539724638
2023-07-20,US,14009,NA_US_PernodRicard_ATS4M,New Envelope,3.0,,,,,
2023-07-18,US,14008,NA_US_Kellogg_ATS4M,New Envelope,2.0,,,,,
2023-07-17,US,13969,NA_US_Angi_ATS4M,New Envelope,1.0,-0.8,5.714285714285714,0.05263157894736836,4.0,
2023-07-14,US,13958,Ian's DISABLED Test Pair Config,New Envelope,6.0,5.0,,,,
2023-07-14,US,13803,NA_US_Zulily_ATS,New Envelope,1.0,,,,,
2023-07-13,US,14005,NA_US_Plugshare,New Envelope,2.0,1.0,1.5714285714285714,-0.9989857076994006,1065.9642857142858,-0.08509333905526772
2023-07-10,US,13994,NA_US_Enova_ATS,New Envelope,743.0,-0.7392067392067392,1668.4285714285713,0.21164021164021163,1353.607142857143,0.09727570134043595
2023-07-07,US,13996,NA_US_TV Tropes - Salon - Snopes_ATS,New Envelope,1.0,-0.5,39.714285714285715,-0.9095346566872763,391.7857142857143,-0.17313635335795585
2023-07-06,US,13897,EU_FR_Madeinwork/Ptitchef,New Envelope,5833.0,-0.29714423424508973,6596.571428571428,0.05458365687662736,5980.035714285715,-0.09369367418850227
2023-07-02,US,13952,EU_GB_Euronews,New Envelope,32.0,-0.08571428571428574,42.57142857142857,0.03832752613240409,34.82142857142857,
2023-06-30,US,13828,LATAM_MX_MILENIO_ATS,New Envelope,93.0,0.5245901639344261,80.0,-0.21568627450980393,90.03571428571429,-0.14946018893387314
2023-06-26,US,999,OpenX Placeholder 249,New Envelope,2.0,,,,,
2023-06-21,US,13847,NA_US_MSCIndustrial_ATS4M,New Envelope,8999.0,-0.4690855457227139,12961.57142857143,0.7417119382642583,8670.392857142857,0.488315207395873
2023-06-18,US,13976,EU_GB_ADVFN,New Envelope,1491.0,-0.38717632552404435,1387.2857142857142,1.3088445078459343,745.8571428571429,0.5751998793181476
2023-06-15,US,13940,NA_US_VikingCruises_ATS4M,New Envelope,10.0,9.0,3613.285714285714,-0.5208207032434071,6488.571428571428,-0.08065985224167604
2023-06-15,US,13989,[demo-test] Rampy Coffee Jason ,New Envelope,2.0,-0.7142857142857143,4.571428571428571,0.23076923076923062,,
2023-06-08,US,13984,EU_OPS_EUID_OPT_OUT,New Envelope,1.0,0.0,,,,
2023-06-06,US,13935,NA_US_Spiny AI_ATS,New Envelope,1.0,,,,,
2023-05-16,US,13569,Wallace Test,New Envelope,1.0,,,,,
2023-05-12,US,13975,Lexine Test for ID API,New Envelope,6.0,2.0,,,,
2023-05-04,US,13810,NA_US_Cinedigm_ATS,New Envelope,1.0,-0.9230769230769231,5.428571428571429,-0.7466666666666666,15.035714285714286,-0.4177040110650069
2023-05-02,US,13968,Ian eCST Module Testing PID,New Envelope,8.0,-0.11111111111111116,16.428571428571427,3.791666666666666,,
2023-04-28,US,13973,NA_US_WISETRIVIA,New Envelope,21851.0,-0.6079623948185227,46705.142857142855,0.19121462092284358,42308.21428571428,0.06154778098581826
2023-04-28,US,13972,NA_US_QUIZTREAT,New Envelope,2662.0,-0.6754845788126296,13470.57142857143,-0.4280844766306392,21523.89285714286,-0.16326303937045028
2023-04-20,US,13965,NA_US_Prudential_ATS4M,New Envelope,6.0,5.0,133.28571428571428,-0.3078635014836796,179.96428571428572,
2023-04-14,US,13961,NA_US_Dropbox_ATS4M,New Envelope,1.0,0.0,2.2857142857142856,-0.7922077922077922,7698.571428571428,-0.9338119653080863
2023-04-12,US,13945,Ian Test Config,New Envelope,2.0,,,,,
2023-04-11,US,13939,ATS PAIR Test Config,New Envelope,14.0,-0.5483870967741935,15.285714285714286,0.32098765432098775,10.071428571428571,-0.9329529243937232
2023-04-10,US,13957,Ian's Test Pair Config,New Envelope,1.0,,,,,
2023-04-06,US,13907,PAIRS US Enabled Test ATS Consumer Config,New Envelope,1.0,-0.8,,,,
2023-03-31,US,13928,NA_US_Thomson Reuters_ATS,New Envelope,3.0,2.0,3.857142857142857,-0.9997295862669885,6711.107142857143,0.2968591482225307
2023-03-30,US,1234,OpenX Placeholder 484,New Envelope,2.0,,,,,
2023-03-24,US,13802,NA_US_Haven Life_ATS4M,New Envelope,447.0,0.2735042735042734,432.2857142857143,0.1333333333333333,439.39285714285717,-0.23254943546877926
2023-03-24,US,13884,NA_US_AAAMountainWest_ATS4M,New Envelope,4.0,3.0,1.8571428571428572,-0.9971226206285967,3006.8214285714284,-0.8529728162732134
2023-03-22,US,13949,new ian fb test,New Envelope,12.0,11.0,,,,
2023-03-21,US,13934,NA_US_DailyDot_ATS,New Envelope,5.0,1.5,12.0,-0.42068965517241386,17.535714285714285,0.07675438596491224
2023-03-13,US,13941,NA_US_Informa_ATS,New Envelope,1.0,-0.75,,,,
2023-03-08,US,13777,EU_ES_Prisa,New Envelope,22.0,0.6923076923076923,11.857142857142858,0.2028985507246377,8.071428571428571,0.7384615384615383
2023-03-08,US,13894,EU_FR_Mediastay,New Envelope,4.0,-0.33333333333333337,7.714285714285714,-0.5609756097560976,14.107142857142858,-0.04358353510895885
2023-03-01,US,13936,NA_US_IMVU_ATS,New Envelope,3.0,-0.625,5.571428571428571,-0.6020408163265306,3189.285714285714,-0.7635069822378648
2023-03-01,US,13938,Ian Pair Test Config,New Envelope,1.0,0.0,,,,
2023-02-24,US,13933,NA_US_Twilio_ATS,New Envelope,8.0,7.0,,,,
2023-02-17,US,13913,NA_US_TailoredBrands_ATS4M,New Envelope,3798.0,-0.40656250000000005,5780.142857142857,-0.3519707865528453,8748.17857142857,-0.03938178210211363
2023-02-17,US,1973,Logicad Testing Placement,New Envelope,6.0,,,,,
2023-02-15,US,13926,NA_US_UnwindMedia_ATS,New Envelope,703.0,-0.45249221183800625,1088.857142857143,-0.11741547012505793,1733.0357142857142,-0.48615993900631116
2023-02-15,US,13903,NA_US_SafeReach_ATS4M,New Envelope,90.0,-0.745042492917847,233.14285714285714,-0.07482993197278909,206.32142857142858,
2023-02-06,US,13910,NA_US_USAA_ATS4M,New Envelope,4.0,0.0,2944.0,-0.5394242803504381,6756.678571428572,-0.9597337819962306
2023-02-03,US,13921,Eduardo_Test,New Envelope,6.0,5.0,5.0,,,
2023-01-11,US,13889,TTD AU Enabled Test ATS Consumer,New Envelope,12.0,11.0,3.5714285714285716,,,
2023-01-11,US,13902,NA_US_AdPushUp - GlobalRPH_ATS,New Envelope,4.0,1.0,1.8571428571428572,-0.1333333333333333,2.107142857142857,0.28260869565217406
2022-12-23,US,12244,EU_UK_Crash_Media,New Envelope,5.0,-0.4444444444444444,8.857142857142858,-0.34042553191489355,16.285714285714285,0.06293706293706292
2022-12-22,US,13846,NA_US_WilliamsRacing_ATS4M,New Envelope,1.0,0.0,1.4285714285714286,-0.5,19.464285714285715,-0.5842868039664377
2022-12-06,US,13899,NA_US_Livemixtapes_ATS_Nimbus,New Envelope,1.0,-0.9876543209876543,523.7142857142857,1.262962962962963,371.92857142857144,
2022-12-01,US,13895,TTD + Publink Enabled Test ATS Consumer,New Envelope,4.0,-0.9999913861420253,66378.14285714286,230.28272772523644,16811.64285714286,58.1067302862883
2022-11-30,US,13839,PubLink Enabled Test ATS Consumer,New Envelope,375217.0,125071.33333333333,126221.42857142857,20.807434100108598,35931.75,4.849286636201905
2022-11-17,US,13307,NA_US_Hive Media_ATS,New Envelope,56.0,6.0,34.0,0.676056338028169,37.714285714285715,-0.4782608695652174
2022-11-10,US,13221,NA_US_Patch_ATS,New Envelope,5762.0,-0.6190916903549943,7685.714285714285,0.8388133160161324,4731.785714285715,0.4206824079435545
2022-11-08,US,13873,ATS Direct e2e demo,New Envelope,6.0,5.0,,,,
2022-11-04,US,13886,NA_US_GeneralMills_ATS,New Envelope,5.0,-0.8333333333333334,10.571428571428571,0.02777777777777768,36062.82142857143,-0.7265131091072287
2022-11-03,US,13844,NA_US_HearstTV_ATS,New Envelope,54.0,-0.9354066985645932,1369.2857142857142,0.43573996405032944,918.3571428571429,0.028272083816531346
2022-10-28,US,130,NA_US_Mocospace_ATS,New Envelope,12.0,-0.8974358974358975,950.5714285714286,-0.14473007712082253,1076.25,0.8841440540202579
2022-10-25,US,13878,NA_US_TRIVIASCOOP_ATS,New Envelope,13675.0,0.03504389948531639,12816.714285714286,0.0923912381740919,11483.535714285714,0.09734280721871835
2022-10-19,US,13876,NA_US_DICTIONARYSCOOP_ATS,New Envelope,15399.0,0.44239415511427493,8683.857142857143,0.5467430025445292,5313.785714285715,0.9943434668382394
2022-10-19,US,36,Ian Test Config,New Envelope,2.0,1.0,,,,
2022-10-18,US,13875,NA_US_WANDERTRIVIA_ATS,New Envelope,5567.0,-0.8004945527522935,14568.285714285714,0.2786729025867365,11762.92857142857,0.08970778962970782
2022-10-13,US,13872,NA_US_Dickies_ATS4M,New Envelope,7.0,-0.9932950191570882,1198.7142857142858,-0.12965460014521302,1263.857142857143,-0.516253383273642
2022-10-12,US,13874,NA_US_TRIVIACLUE_ATS,New Envelope,20991.0,-0.2875954522314611,17598.571428571428,0.22236554871998404,14209.535714285714,0.26743545227211185
2022-10-11,US,13845,APAC_REACH_EATWELL101_ATS,New Envelope,18.0,1.5714285714285716,8.857142857142858,0.26530612244897966,6.785714285714286,0.3970588235294119
2022-10-06,US,13833,na_us_Moguldom - iOne Digital_ats,New Envelope,14.0,6.0,5.857142857142857,-0.2407407407407408,5.0,0.23893805309734528
2022-10-05,US,13848,NA_US_MobileFuse_ATS,New Envelope,2.0,-0.75,5.285714285714286,-0.3508771929824561,12.75,-0.9972123095663853
2022-10-04,US,90,Launch Potato Config,New Envelope,2605.0,-0.13079746413079751,2705.285714285714,0.21251120501984877,2376.4285714285716,0.11098124989564728
2022-09-28,US,13841,NA_US_ZetaGlobal_ATS4M,New Envelope,1.0,0.0,5.142857142857143,,,
2022-09-25,US,1348,NA_US_Audiomack_ATS,New Envelope,2.0,,,,,
2022-09-23,US,1448,NA_US_Zepto_ATS,New Envelope,3.0,0.0,8.285714285714286,-0.5,19.285714285714285,0.009345794392523255
2022-09-22,US,13827,na_us_savage ventures_ats,New Envelope,18.0,-0.71875,39.57142857142857,-0.32929782082324455,55.5,-0.5289481661109428
2022-09-21,US,13796,NA_US_Ziff Davis - IGN_ATS,New Envelope,277.0,-0.5671875,571.0,-0.05485930480018908,543.2857142857143,4.87109224237746
2022-09-21,US,2103,NA_US_Ziff Davis -ZMG_ATS,New Envelope,60.0,-0.4915254237288136,92.42857142857143,0.052032520325203224,422.25,-0.9689589716527123
2022-09-16,US,13291,EU_UK_ECG_Gumtree,New Envelope,1375.0,-0.5904081024724457,1234.2857142857142,-0.1008429597252577,871.3928571428571,3.589729119638826
2022-09-13,US,1966,Max Test Placement for Julien,New Envelope,500.0,,,,,
2022-09-11,US,92,Adara,New Envelope,2.0,0.0,,,,
2022-09-06,US,13768,LATAM_MX_Todos Los Jugadores_ATS,New Envelope,2.0,1.0,3.2857142857142856,0.1499999999999999,3.107142857142857,
2022-09-02,US,13825,NA_US_Qonsent_ATS_API-testing,New Envelope,1.0,0.0,3.142857142857143,-0.2142857142857143,2.857142857142857,0.012658227848101111
2022-08-31,US,13820,NA_US_iAds_ATS,New Envelope,19.0,0.8999999999999999,11.142857142857142,-0.7719298245614035,34.0,-0.28474830954169794
2022-08-31,US,13801,NA_US_Safelite_ATS4M,New Envelope,4.0,3.0,2.857142857142857,0.0,2.8214285714285716,-0.9996911975671059
2022-08-30,US,13790,LATAM_MX_Grupos Medios_ATS,New Envelope,4.0,-0.9452054794520548,50.142857142857146,-0.21300448430493268,50.92857142857143,0.4063116370808679
2022-08-30,US,13818,Dotdash Meredith ATS API Testing,New Envelope,3.0,-0.25,2.2857142857142856,-0.2727272727272727,,
2022-08-26,US,13815,na_us_minute media_ats,New Envelope,10.0,4.0,237.71428571428572,-0.5728952772073922,384.7857142857143,-0.003975224184154524
2022-08-23,US,13812,LATAM_MX_Imagen Digital_ATS,New Envelope,2.0,0.0,5.857142857142857,0.0,6.107142857142857,0.6442307692307692
2022-08-22,US,13428,NA_US_Flipboard_ATS,New Envelope,3.0,-0.7692307692307692,24.285714285714285,-0.8087739032620922,96.25,0.1809815950920246
2022-08-22,US,13813,NA_US_EnColombia_ATS,New Envelope,2.0,1.0,1.7142857142857142,-0.6923076923076923,2.892857142857143,0.051948051948051965
2022-08-19,US,13814,NA_US_Adobe_ATS4M,New Envelope,3.0,0.0,6.285714285714286,-0.33333333333333337,11.607142857142858,1.3049645390070923
2022-08-17,US,13773,NA_US_Learfield_ATS4M,New Envelope,1.0,-0.5,3.857142857142857,-0.962707182320442,97.28571428571429,-0.6889345666324083
2022-08-16,US,13555,EU_Test_PID,New Envelope,4.0,-0.6363636363636364,,,,
2022-08-12,US,13779,NA_US_Cars.com_ATS4M,New Envelope,2.0,1.0,2.2857142857142856,-0.9988764833930202,4515.357142857143,-0.5080468178493049
2022-08-11,US,13310,NA_US_Amazon_ATS,New Envelope,134.0,-0.6778846153846154,84.28571428571429,-0.8014136654325144,495.7142857142857,-0.31106368193775746
2022-08-09,US,12222,NA_US_AARP_RTIS,New Envelope,75.0,-0.5967741935483871,112.71428571428571,-0.04247572815533984,126.67857142857143,-0.2756789871349806
2022-08-09,US,13811,AMS - Levi9 Envelope Test,New Envelope,1.0,-0.5,3.7142857142857144,,,
2022-08-08,US,13752,Gowtham test ats consumer,New Envelope,4.0,1.0,,,,
2022-08-05,US,13690,NA_US_Enthusiast Gaming_Disqus,New Envelope,1.0,0.0,3.7142857142857144,-0.0714285714285714,5.571428571428571,
2022-08-03,US,13704,NA_US_Valnet_ATS,New Envelope,6.0,-0.7272727272727273,33.714285714285715,-0.07086614173228345,35.857142857142854,-0.5700214132762313
2022-08-02,US,13696,APAC_TW_Techbang,New Envelope,4.0,3.0,1.4285714285714286,-0.23076923076923073,1.4285714285714286,
2022-07-30,US,13789,NA_US_Nascar_ATS,New Envelope,4.0,-0.963302752293578,4842.857142857143,0.5606297762636958,3617.8214285714284,0.20558167212139233
2022-07-29,US,13408,NA_US_Medscape_ATS,New Envelope,1.0,-0.9999873521785873,76554.28571428571,-0.029846152732065256,84178.25,0.04303959804100743
2022-07-26,US,13240,EU_UK_LadBible,New Envelope,5.0,-0.5,6.571428571428571,0.586206896551724,7.964285714285714,-0.2987421383647799
2022-07-21,US,13794,NA_US_La-Z-Boy_ATS4M,New Envelope,581.0,-0.24250325945241202,681.7142857142857,-0.7596090877033903,3246.3214285714284,-0.36150798668183937
2022-07-21,US,13793,NA_US_TruthInitiative_ATS4M,New Envelope,1.0,-0.75,2.4285714285714284,-0.839622641509434,13.214285714285714,-0.3284936479128856
2022-07-20,US,13792,NA_US_Ranker_ATS,New Envelope,52.0,-0.8249158249158249,281.14285714285717,-0.10788757932910242,326.7142857142857,-0.16311407922422472
2022-07-19,US,1458,NA_US_Monumetric_ATS,New Envelope,17965.0,-0.7901064364243904,34138.142857142855,0.7001309068142687,23252.35714285714,0.30041025681997024
2022-07-19,US,13671,Chris Campbell Testing Placement,New Envelope,8.0,-0.5789473684210527,6.714285714285714,0.6785714285714286,4.107142857142857,0.08490566037735836
2022-07-12,US,13784,NA_US_Grainger_ATS4M,New Envelope,2.0,1.0,1158.0,-0.6890082486092461,20904.214285714286,-0.24822755155513077
2022-07-11,US,13780,NA_US_Boston Globe_ATS,New Envelope,126.0,-0.7797202797202797,553.8571428571429,-0.09837209302325578,1059.0357142857142,0.5109808917197451
2022-07-07,US,13743,NA_US_Cox Auto_ATS,New Envelope,14477.0,-0.7237951692295952,41166.142857142855,-0.0015142065142065286,41535.46428571428,0.0013888649709825618
2022-06-30,US,13771,NA_US_Earthlink_ATS,New Envelope,37949.0,-0.5828175671961744,40125.71428571428,0.6521478274679575,26894.535714285714,0.25219619509096547
2022-06-30,US,13765,NA_US_The Soul Publishing_ATS,New Envelope,8.0,1.6666666666666665,3.2857142857142856,-0.04166666666666663,3.8214285714285716,-0.48058252427184456
2022-06-29,US,13489,APAC_JP_JCast,New Envelope,3.0,0.0,3.142857142857143,-0.2142857142857143,4.5,0.5365853658536586
2022-06-27,US,13737,NA_US_Kraft_ATS4M,New Envelope,5.0,4.0,2.5714285714285716,-0.3793103448275862,3.5714285714285716,0.17647058823529416
2022-06-24,US,13760,NA_US_Viafoura(US/CA)_ATS,New Envelope,11.0,10.0,15.142857142857142,0.41333333333333333,8.964285714285714,3.4035087719298245
2022-06-22,US,13299,Christian C - Test,New Envelope,1.0,-0.875,3.142857142857143,0.375,,
2022-06-21,US,13761,NA_US_Alpha Brands_ATS,New Envelope,18.0,-0.9625,299.2857142857143,0.34813384813384807,244.21428571428572,0.00944788898730442
2022-06-17,US,13606,Piano,New Envelope,1.0,0.0,,,,
2022-06-15,US,13460,Pubmatic Ramp Only Test,New Envelope,4.0,3.0,1.4285714285714286,-0.16666666666666663,1.5357142857142858,
2022-06-15,US,13462,Pubmatic Ramp and UID Test,New Envelope,3.0,2.0,2.2857142857142856,-0.1578947368421053,2.0357142857142856,
2022-06-12,US,1258,Pubmatic Wrapper (cookieable) Traffic ,New Envelope,1.0,0.0,1.5714285714285714,,,
2022-06-10,US,13359,e2etests: eu non-allowlist envelope,New Envelope,20.0,0.6666666666666667,26.285714285714285,,,
2022-06-10,US,13347,e2etests: eu allowlist envelope,New Envelope,14.0,1.3333333333333335,14.285714285714286,,,
2022-06-10,US,1280,NA_US_Washington Examiner_ATS,New Envelope,1.0,,,,,
2022-06-09,US,13234,NA_US_Investing Channel_ATS,New Envelope,2.0,-0.9285714285714286,8.142857142857142,0.2954545454545454,5.464285714285714,-0.2031249999999999
2022-06-08,US,13747,NA_US_US News_ATS,New Envelope,1.0,0.0,5266.571428571428,-0.20873130003648777,6759.0,-0.2083791708669881
2022-06-07,US,13727,NA_US_TimeHop(NimbusAPI)_ATS,New Envelope,4977.0,-0.818734748880067,201432.42857142858,-0.42794078448507744,290635.71428571426,-0.6978318998809083
2022-06-07,US,9999,,New Envelope,111.0,0.009090909090909038,,,,
2022-06-07,US,13745,LATAM_AR_Cronica_Baenegocios,New Envelope,1.0,-0.5,1.2857142857142858,-0.3571428571428571,2.0,0.24444444444444446
2022-06-03,US,13748,NA_US_PBH Network_ATS,New Envelope,10.0,-0.6,20.857142857142858,0.06569343065693434,23.642857142857142,-0.16624685138539042
2022-06-01,US,2005,NA_US_Bustle_ATS,New Envelope,1.0,0.0,2.0,,,
2022-06-01,US,1356,NA_US_Wazimo_ATS,New Envelope,1.0,,,,,
2022-05-31,US,13701,Duda Test,New Envelope,2.0,0.0,2.0,0.3999999999999999,,
2022-05-29,US,13732,APAC_TW_BusinessToday,New Envelope,1.0,-0.5,1.4285714285714286,-0.23076923076923073,1.5714285714285714,-0.18518518518518523
2022-05-26,US,56,NA_US_IBTimes_ATS,New Envelope,6.0,-0.7272727272727273,6.428571428571429,-0.766839378238342,42.285714285714285,-0.4770318021201414
2022-05-25,US,13689,Facebook Envelopes Console e2e Testing,New Envelope,1.0,0.0,1.1428571428571428,-0.4666666666666667,2.3214285714285716,
2022-05-24,US,1363,NA_US_Leaf Group - classroom.synonym.com_ATS,New Envelope,1.0,0.0,1.0,-0.125,1.6071428571428572,-0.3571428571428571
2022-05-23,US,1254,Ian reg-wall.dev,New Envelope,120.0,,,,,
2022-05-22,US,1372,NA_US_Leaf Group - geniolandia.com_ATS,New Envelope,5.0,4.0,1.5714285714285714,0.09999999999999987,2.0714285714285716,-0.21621621621621612
2022-05-21,US,13466,NA_US_AllTimeDigital_IDL,New Envelope,18.0,8.0,3.857142857142857,1.25,3.25,-0.30000000000000004
2022-05-21,US,1366,NA_US_Leaf Group - dailypuppy.com_ATS,New Envelope,5.0,0.0,2.7142857142857144,-0.20833333333333326,3.25,-0.35915492957746475
2022-05-21,US,1371,NA_US_Leaf Group - gardenguides.com_ATS,New Envelope,5.0,0.0,2.7142857142857144,-0.2962962962962963,2.7857142857142856,-0.5593220338983051
2022-05-21,US,1374,NA_US_Leaf Group - healthfully.com_ATS,New Envelope,5.0,0.0,2.7142857142857144,-0.2962962962962963,3.4285714285714284,-0.42168674698795183
2022-05-20,US,1381,NA_US_Leaf Group - leaf.tv_ATS,New Envelope,5.0,0.0,2.142857142857143,-0.42307692307692313,3.5357142857142856,-0.39634146341463417
2022-05-20,US,13722,EU_GB_Greencastle,New Envelope,5.0,0.6666666666666667,,,,
2022-05-20,US,1386,NA_US_Leaf Group - oureverydaylife.com_ATS,New Envelope,1.0,-0.75,2.5714285714285716,-0.18181818181818177,2.857142857142857,-0.5604395604395604
2022-05-19,US,13566,NA_US_Spike Media_ATS,New Envelope,5.0,0.0,10.142857142857142,1.5357142857142856,6.928571428571429,-0.34237288135593225
2022-05-19,US,1377,NA_US_Leaf Group - howtoadult.com_ATS,New Envelope,1.0,0.0,1.7142857142857142,-0.5384615384615385,2.9285714285714284,-0.577319587628866
2022-05-19,US,1261,NA_US_FiscalNote ATS_ATS,New Envelope,1.0,-0.8,2.7142857142857144,-0.2692307692307693,3.142857142857143,-0.4285714285714286
2022-05-19,US,1397,NA_US_Leaf Group - sportsrec.com_ATS,New Envelope,1.0,-0.8,2.7142857142857144,0.26666666666666683,2.75,-0.5625
2022-05-19,US,1392,NA_US_Leaf Group - puromotores.com_ATS,New Envelope,1.0,-0.8,2.142857142857143,0.5,2.107142857142857,-0.22368421052631582
2022-05-19,US,1391,NA_US_Leaf Group - portalsalud.com_ATS,New Envelope,1.0,0.0,1.5714285714285714,0.5714285714285714,1.9642857142857142,-0.2567567567567568
2022-05-19,US,1379,NA_US_Leaf Group - itstillruns.com_ATS,New Envelope,1.0,-0.8,2.7142857142857144,-0.5249999999999999,3.7857142857142856,-0.4726368159203981
2022-05-19,US,1375,NA_US_Leaf Group - hellomotherhood.com_ATS,New Envelope,1.0,0.0,2.7142857142857144,-0.17391304347826075,4.285714285714286,-0.31034482758620696
2022-05-19,US,1401,NA_US_Leaf Group - theclassroom.com_ATS,New Envelope,1.0,-0.8,2.142857142857143,-0.6428571428571428,3.7142857142857144,-0.40909090909090906
2022-05-19,US,13679,NA_US_Lupon_ATS,New Envelope,1.0,-0.5,1.7142857142857142,0.7142857142857142,1.2857142857142858,-0.47058823529411753
2022-05-19,US,1398,NA_US_Leaf Group - synonym.com_ATS,New Envelope,1.0,-0.8,1.5714285714285714,-0.6666666666666667,3.357142857142857,-0.40506329113924056
2022-05-19,US,1399,NA_US_Leaf Group - techlandia.com_ATS,New Envelope,1.0,-0.8,2.0,-0.3913043478260869,3.8214285714285716,-0.277027027027027
2022-05-19,US,1390,NA_US_Leaf Group - pocketsense.com_ATS,New Envelope,1.0,0.0,2.4285714285714284,1.125,2.5357142857142856,-0.6203208556149733
2022-05-19,US,1388,NA_US_Leaf Group - penandthepad.com_ATS,New Envelope,1.0,0.0,2.142857142857143,-0.48275862068965525,2.9285714285714284,-0.5176470588235293
2022-05-19,US,1382,NA_US_Leaf Group - legalbeagle.com_ATS,New Envelope,1.0,-0.75,2.0,-0.46153846153846156,3.0714285714285716,-0.5300546448087431
2022-05-19,US,1373,NA_US_Leaf Group - goneoutdoors.com_ATS,New Envelope,1.0,-0.8,2.142857142857143,-0.0625,3.0,-0.5384615384615384
2022-05-19,US,1369,NA_US_Leaf Group - ehow.com.br_ATS,New Envelope,1.0,0.0,1.0,-0.46153846153846156,1.9285714285714286,-0.3414634146341463
2022-05-19,US,1367,NA_US_Leaf Group - ehow.co.uk_ATS,New Envelope,1.0,-0.8,2.7142857142857144,0.11764705882352966,2.857142857142857,-0.5238095238095237
2022-05-19,US,1362,NA_US_Leaf Group - careertrend.com_ATS,New Envelope,1.0,-0.8,1.7142857142857142,-0.5555555555555556,3.1785714285714284,-0.44720496894409945
2022-05-19,US,13288,NA_US_This Old House_ATS,New Envelope,1.0,0.0,,,,
2022-05-19,US,1364,NA_US_Leaf Group - cuidatudinero.com_ATS,New Envelope,1.0,-0.8,1.8571428571428572,-0.1874999999999999,2.857142857142857,-0.5555555555555556
2022-05-18,US,13735,NA_US_LaTimes_ATS,New Envelope,4.0,-0.6923076923076923,9.0,-0.96484375,148.28571428571428,-0.9612027883159843
2022-05-18,US,1384,NA_US_Leaf Group - muyfitness.com_ATS,New Envelope,2.0,1.0,2.857142857142857,0.8181818181818183,1.8571428571428572,-0.3157894736842105
2022-05-18,US,13493,Sample Facebook Envelopes Config,New Envelope,1.0,-0.8,,,,
2022-05-18,US,1970,NA_US_Snopes_DNU,New Envelope,1.0,0.0,2.142857142857143,0.36363636363636354,1.7857142857142858,
2022-05-18,US,13430,NA_US_Listenonrepeat_ATS,New Envelope,1.0,0.0,2.2857142857142856,1.0,1.7857142857142858,-0.5412844036697247
2022-05-18,US,13280,NA_US_Hearst - seattlepi.com_ATS,New Envelope,1.0,-0.5,1.5714285714285714,-0.2666666666666666,2.2142857142857144,-0.5782312925170068
2022-05-18,US,1395,NA_US_Leaf Group - sciencing.com_ATS,New Envelope,1.0,0.0,1.5714285714285714,-0.5416666666666666,3.1785714285714284,-0.5637254901960784
2022-05-18,US,1370,NA_US_Leaf Group - ehowenespanol.com_ATS,New Envelope,1.0,0.0,2.7142857142857144,-0.13636363636363635,3.3214285714285716,-0.40764331210191074
2022-05-18,US,1387,NA_US_Leaf Group - ourpastimes.com_ATS,New Envelope,1.0,0.0,2.2857142857142856,-0.2727272727272727,3.75,-0.4414893617021277
2022-05-14,US,13256,NA_US_Outside Online_ATS,New Envelope,1.0,0.0,1.1428571428571428,,,
2022-05-14,US,13730,NA_US_RealityBlurb_ATS,New Envelope,1.0,0.0,1.5714285714285714,-0.15384615384615385,1.8214285714285714,0.04081632653061229
2022-05-13,US,13731,NA_US_MediaLab_ATS,New Envelope,1.0,-0.75,6.0,1.1,11797.285714285714,-0.9815913369764939
2022-05-11,US,13478,EU_UK_ESI_Pubmatic,New Envelope,900.0,-0.5230524642289348,1336.5714285714287,0.04291606286924532,1308.5357142857142,1.5488
2022-05-11,US,6,NA_US_AMC Networks_ATS,New Envelope,1.0,-0.5,2.7142857142857144,-0.9201680672268907,28.392857142857142,0.06141522029372504
2022-05-10,US,13514,[Do Not Use]  NA_US_News Corp - wsj.com_ATS,New Envelope,1426.0,-0.7973280272882319,5072.0,0.06092932914985805,4639.714285714285,-0.0019436868589867151
2022-05-10,US,13516,NA_US_News Corp - Dow Jones_ATS,New Envelope,120.0,-0.6261682242990654,336.57142857142856,-0.15646258503401367,340.7857142857143,-0.11558068403003052
2022-05-10,US,13517,[Do Not Use] NA_US_News Corp - marketwatch.com_ATS,New Envelope,72.0,-0.6521739130434783,152.42857142857142,-0.05071174377224219,157.96428571428572,0.10852130325814535
2022-05-08,US,1361,NA_US_Leaf Group - bizfluent.com_ATS,New Envelope,2.0,-0.6,2.2857142857142856,0.06666666666666665,2.642857142857143,-0.4965986394557823
2022-05-07,US,13314,NA_US_Decido.io_ATS,New Envelope,1.0,0.0,1.8571428571428572,0.6250000000000002,4.035714285714286,1.0545454545454547
2022-05-07,US,13542,APAC_AU_interplaymedia_zerohanger,New Envelope,1.0,0.0,1.4285714285714286,0.11111111111111116,1.4285714285714286,-0.06976744186046513
2022-05-06,US,13360,NA_US_Wikihow_ATS,New Envelope,32.0,-0.17948717948717952,94.71428571428571,-0.4189307624890447,142.67857142857142,-0.17933442892358264
2022-05-06,US,1969,NA_US_Spine Media_ATS,New Envelope,2.0,-0.5,6.714285714285714,-0.07843137254901955,5.0,-0.3721973094170403
2022-05-06,US,13433,NA_US_Mundo Hispano_IDL,New Envelope,2.0,1.0,1.2857142857142858,-0.47058823529411753,,
2022-05-06,US,1284,NA_US_Hcode_ATS,New Envelope,2.0,1.0,3.2857142857142856,1.5555555555555554,2.2857142857142856,-0.1578947368421053
2022-05-06,US,13571,APAC_The Urban List_ATS,New Envelope,1.0,0.0,1.7142857142857142,0.7142857142857142,1.3571428571428572,-0.30909090909090897
2022-05-06,US,13277,NA_US_Hearst - chron.com_ATS,New Envelope,1.0,0.0,1.7142857142857142,0.09090909090909083,2.607142857142857,-0.47857142857142854
2022-05-06,US,29,isabel test ats consumer,New Envelope,1.0,,,,,
2022-05-05,US,13395,NA_US_Brad's Deals_ATS,New Envelope,4.0,1.0,,,,
2022-05-05,US,23,Rubicon Envelope Test,New Envelope,3.0,0.5,1.4285714285714286,-0.84375,3.857142857142857,
2022-05-05,US,13584,Korby Test,New Envelope,3.0,0.5,245.0,0.23381294964028765,252.96428571428572,0.8078101071975501
2022-05-05,US,103,NA_US_Upworthy_ATS,New Envelope,2.0,1.0,1.1428571428571428,-0.6666666666666667,,
2022-05-05,US,13568,LATAM_BR_PremiumAds_CampoGdeNews,New Envelope,1.0,0.0,3.0,2.0,2.1785714285714284,0.27083333333333326
2022-05-05,US,13342,NA_US_Red Ventures - tvguide.com_ATS,New Envelope,1.0,-0.8888888888888888,,,,
2022-05-05,US,13669,NA_US_JasonC_Test,New Envelope,1.0,0.0,4.142857142857143,-0.2564102564102563,3.857142857142857,0.2558139534883721
2022-05-05,US,1380,NA_US_Leaf Group - itstillworks.com_ATS,New Envelope,1.0,-0.75,2.0,-0.125,2.607142857142857,-0.31775700934579443
2022-05-04,US,13618,NA_US_Bath And Body Works_ATS4M,New Envelope,316270.0,0.07267257489579193,268181.71428571426,-0.021010544123498676,250173.4642857143,-0.22111561426545034
2022-05-04,US,13610,NA_US_Williams Sonoma_ATS4M,New Envelope,315297.0,0.09281569954040991,305963.14285714284,-0.039360465324898675,343138.21428571426,0.03879645887573191
2022-05-04,US,13401,NA_US_Signup Genius_ATS,New Envelope,242797.0,0.1190761515841483,187894.57142857142,-0.05953427976106207,170718.85714285713,0.5727468044154176
2022-05-04,US,13529,NA_US_TripAdvisor_ATS,New Envelope,150430.0,0.03011668675358825,147567.14285714287,-0.06182081074477963,154539.4642857143,-0.10523703819347874
2022-05-04,US,13402,NA_US_Cox Media Group (CMG)_ATS_ATS4M,New Envelope,145507.0,0.07432018369622195,120620.71428571429,0.03182691943429128,113027.53571428571,-0.020786206226517723
2022-05-04,US,13469,NA_US_Internet Brands - Pulsepoint_ATS,New Envelope,116838.0,0.024184994608998922,109574.14285714286,-0.07791929889942117,115197.10714285714,-0.014008004049711698
2022-05-04,US,13527,NA_US_Trulia_ATS,New Envelope,73651.0,-0.04522945294270153,66535.42857142857,-0.02152137010706079,65570.67857142857,-0.027989047280720603
2022-05-04,US,13579,NA_US_Car Gurus_ATS,New Envelope,72192.0,0.1260470122131927,63756.42857142857,-0.009562720259917779,61764.5,-0.0294764499859983
2022-05-04,US,13452,NA_US_Warner Media CNN_ATS,New Envelope,69491.0,-0.1480918463669687,68623.0,-0.041430946095070476,67911.46428571429,-0.07286340403352376
2022-05-04,US,13605,NA_US_Tory Burch_ATS4M,New Envelope,51783.0,0.041995331616226705,48105.42857142857,0.3019312184654641,44018.0,-0.32128407679790305
2022-05-04,US,13496,NA_US_Maurices_ATS4M,New Envelope,44568.0,0.019909378003569955,45705.142857142855,0.04467533485276931,42531.5,0.005759833522231084
2022-05-04,US,13361,NA_US_Discovery_ATS,New Envelope,44343.0,0.05790151732035498,42385.857142857145,0.3267020810416834,32851.357142857145,1.4077322758386015
2022-05-04,US,13349,NA_US_Apartment Therapy_ATS,New Envelope,35573.0,0.0895586388557077,36922.0,0.020182283957196123,36249.96428571428,0.14412494082106542
2022-05-04,US,13544,NA_US_American Eagle_ATS4M,New Envelope,28202.0,-0.13283315909230675,30148.285714285714,-0.12865866498210154,33706.71428571428,0.13416155338125746
2022-05-04,US,13442,NA_US_Dell_ATS4M,New Envelope,21203.0,0.08095845016568948,16627.14285714286,0.00482599649489357,16069.035714285714,-0.009841441005270624
2022-05-04,US,13553,NA_US_disqus_ATS,New Envelope,20251.0,0.02169416275667224,21400.428571428572,-0.13000830482783454,22972.35714285714,0.10342473273223796
2022-05-04,US,13603,NA_US_Hearst_ATS,New Envelope,9480.0,-0.030179028132992336,9909.285714285714,0.06327697472293314,9251.25,-0.24131881392270116
2022-05-04,US,13468,NA_US_slate_ATS,New Envelope,8495.0,0.6390121551225159,6514.571428571428,0.029111753024011477,6217.0,0.01159337753732248
2022-05-04,US,13443,NA_US_Associated Press_ATS,New Envelope,7960.0,-0.29954241464273146,9949.57142857143,-0.1189500316255534,10155.642857142857,0.0013839733770006912
2022-05-04,US,13396,NA_US_FloSports_ATS,New Envelope,6248.0,0.0735395189003436,10444.42857142857,0.28612391373183677,8531.0,-0.12995905998222523
2022-05-04,US,13695,NA_US_9Gag_ATS,New Envelope,4514.0,0.3210418495756511,3243.714285714286,-0.023985557083906484,3176.714285714286,0.04548767013799093
2022-05-04,US,13453,NA_US_Longitude_ATS,New Envelope,3668.0,0.13771712158808924,2558.1428571428573,0.13543846300171203,2189.75,0.2536907536907538
2022-05-04,US,13688,NA_US_Trusted Media Brands_ATS,New Envelope,3616.0,0.0839328537170263,3189.714285714286,-0.012384996461429543,3214.6785714285716,0.09563746135306861
2022-05-04,US,13485,env to idl load test - kia,New Envelope,2880.0,0.0,2880.0,0.0,2866.3571428571427,-0.004551937984496268
2022-05-04,US,13436,NA_US_Arkadium_ATS,New Envelope,1502.0,-0.10328358208955224,1343.857142857143,0.573866488204785,914.0357142857143,0.4406417112299468
2022-05-04,US,13495,NA_US_StudentBrands_ATS,New Envelope,1451.0,0.012561060711793415,1173.0,0.903337969401947,854.7857142857143,
2022-05-04,US,13444,NA_US_Time_ATS,New Envelope,1362.0,0.05827505827505819,1124.857142857143,-0.061278016213638486,1181.25,0.08688508428904718
2022-05-04,US,13346,NA_US_Adnimation_ATS,New Envelope,1357.0,0.3060635226179018,976.7142857142857,0.4553001277139208,780.1785714285714,0.14762280010506967
2022-05-04,US,13530,NA_US_Fantasy Footballers_ATS,New Envelope,982.0,0.057050592034445735,720.7142857142857,0.4939295232454841,670.8571428571429,3.7759979659293164
2022-05-04,US,13353,NA_US_Maven.io_ATS,New Envelope,834.0,0.16643356643356633,688.8571428571429,-0.019121236777868256,689.0714285714286,-0.2330259182699953
2022-05-04,US,13445,NA_US_Liqwid_ATS,New Envelope,769.0,0.1017191977077363,662.0,0.03368280169529325,650.8571428571429,-0.01619520621895909
2022-05-04,US,13538,EU_FR_Freepik,New Envelope,509.0,0.06263048016701456,397.42857142857144,0.05179584120983005,372.60714285714283,-0.057968397291196405
2022-05-04,US,13672,NA_US_SportsKeeda_ATS,New Envelope,310.0,0.026490066225165476,258.57142857142856,0.018570624648283518,294.67857142857144,-0.44849943185615926
2022-05-04,US,13363,e2etests: idl,New Envelope,240.0,-0.040000000000000036,241.42857142857142,0.005952380952380931,239.28571428571428,-0.005934718100890302
2022-05-04,US,13429,NA_US_ES.TV_ATS,New Envelope,228.0,0.0,199.0,-0.08234519104084326,218.5,-0.5927035483656214
2022-05-04,US,13484,e2etests: QE BBIDL (Ian Test),New Envelope,199.0,0.0,228.28571428571428,0.22264728385615906,203.57142857142858,-0.032258064516129004
2022-05-04,US,13350,NA_US_Shareably_ATS,New Envelope,177.0,-0.09230769230769231,188.14285714285714,-0.011261261261261257,186.53571428571428,0.05090543259557334
2022-05-04,US,13574,e2etests: facebook env,New Envelope,150.0,-0.038461538461538436,151.42857142857142,0.03616813294232646,191.89285714285714,-0.215734929207415
2022-05-04,US,124,APAC_AU_Domain.com.au,New Envelope,66.0,0.24528301886792447,46.714285714285715,0.6598984771573604,33.5,
2022-05-04,US,13565,NA_US_Playoff Predictors_ATS,New Envelope,40.0,-0.2727272727272727,41.857142857142854,-0.8659652333028363,139.71428571428572,
2022-05-04,US,13683,EU_GB_PhoneArena_ATS,New Envelope,25.0,-0.2647058823529411,39.142857142857146,0.6407185628742516,29.714285714285715,-0.12328767123287676
2022-05-04,US,13406,NA_US_permission.io_ATS,New Envelope,22.0,-0.12,19.857142857142858,-0.08552631578947367,28.75,-0.48397435897435903
2022-05-04,US,13596,NA_US_Times of Israel_ATS,New Envelope,16.0,-0.30434782608695654,21.142857142857142,0.19354838709677402,20.035714285714285,-0.24596774193548399
2022-05-04,US,13405,NA_US_The Post Millennial_ATS,New Envelope,14.0,0.16666666666666674,14.714285714285714,0.07291666666666674,15.714285714285714,0.18279569892473102
2022-05-04,US,13623,LATAM_AR_152Media_Bles,New Envelope,13.0,2.25,6.428571428571429,0.2857142857142858,6.392857142857143,0.3259259259259262
2022-05-04,US,13418,NA_US_Xite_ATS,New Envelope,10.0,0.4285714285714286,10.0,0.07692307692307687,9.964285714285714,0.033333333333333215
2022-05-04,US,1318,Gannett,New Envelope,5.0,0.25,55.42857142857143,-0.6004119464469619,116.25,-0.033264033264033266
2022-05-04,US,14,Levi9 Envelope Test,New Envelope,4.0,-0.8709677419354839,30.714285714285715,-0.410958904109589,69.75,1.8805309734513274
2022-05-04,US,13440,NA_US_Den of Geek_ATS,New Envelope,4.0,1.0,6.428571428571429,-0.09999999999999998,7.071428571428571,0.01538461538461533
2022-05-04,US,13590,NA_US_The Golf News Net_ATS,New Envelope,3.0,2.0,6.714285714285714,-0.46590909090909094,8.071428571428571,0.008928571428571397
2022-05-04,US,13676,LATAM_BR_UOL_ATS,New Envelope,3.0,-0.7272727272727273,7.714285714285714,1.347826086956522,4.5,0.5365853658536586
2022-05-04,US,13608,LATAM_AR_152Media_Radiocut,New Envelope,3.0,0.0,2.857142857142857,-0.4736842105263158,4.142857142857143,0.0
2022-05-04,US,13572,NA_US_Buzzfeed_ATS,New Envelope,2.0,1.0,2.0,0.16666666666666674,2.3214285714285716,0.14035087719298267
2022-05-04,US,13698,NA_US_Einthusan_ATS,New Envelope,1.0,0.0,5.714285714285714,0.3333333333333335,4.357142857142857,0.27083333333333326
2022-05-04,US,13471,NA_US_CPM Star_ATS,New Envelope,1.0,-0.6666666666666667,2.2857142857142856,-0.11111111111111127,2.7142857142857144,-0.03797468354430378
2022-05-04,US,13410,APAC_AU_WeatherzoneAU,New Envelope,1.0,-0.5,1.2857142857142858,-0.3999999999999999,1.6428571428571428,0.09523809523809512
2022-05-04,US,13526,NA_US_Chosic_ATS,New Envelope,1.0,-0.5,,,,
2022-05-04,US,1376,NA_US_Leaf Group - homesteady.com_ATS,New Envelope,1.0,-0.8,1.8571428571428572,-0.1333333333333333,2.7142857142857144,-0.6062176165803108
2022-05-03,US,13345,NA_US_Tubi_ATS,New Envelope,7187425.0,0.050210446104829165,7176532.714285715,-0.041816241428208833,7796204.571428572,-0.2968806280557341
2022-05-03,US,13254,NA_US_InMobi_ATS,New Envelope,1428055.0,0.010092043568090459,1387103.7142857143,0.06688983716450259,1316680.4642857143,0.004599482373278674
2022-05-03,US,27,NA_US_Evite_ATS,New Envelope,713998.0,0.020689753761480967,652959.4285714285,-0.04446832783274435,649111.8214285715,0.058859708071424155
2022-05-03,US,66,NA_US_Publishers Clearing House_ATS,New Envelope,302342.0,0.22154928951504393,251995.7142857143,0.010202416165804307,257561.7142857143,-0.11977697246294405
2022-05-03,US,1293,NA_US_WebMD_ATS,New Envelope,214904.0,-0.04165960596844542,206308.2857142857,0.11222030026662644,180520.89285714287,0.049256627310604095
2022-05-03,US,1336,NA_US_Prime Publishing_ATS,New Envelope,178695.0,-0.245516035871713,230649.57142857142,-0.00012014310654151483,231274.92857142858,-0.016063108607630827
2022-05-03,US,2000,NA_US_Optimism Digital - Inbox Lab_ATS,New Envelope,145980.0,-0.17593862724178222,148846.7142857143,0.0628871342881625,144920.75,-0.11541744064551418
2022-05-03,US,13292,NA_US_Vox Media_ATS,New Envelope,132826.0,-0.01700660134395071,120895.28571428571,0.09677900136470896,107653.57142857143,0.016979231261812666
2022-05-03,US,13294,NA_US_CBS_ATS,New Envelope,95655.0,0.05773271114846179,80401.42857142857,0.27387915112447025,65481.607142857145,0.19947415041731698
2022-05-03,US,1418,NA_US_Conde Nast - New Yorker_ATS,New Envelope,85266.0,0.09051145301768782,67056.28571428571,0.15706052583576136,59489.28571428572,0.1695968026199195
2022-05-03,US,1421,NA_US_Conde Nast - Vogue_ATS,New Envelope,83876.0,1.5962979013186405,37575.857142857145,0.6812464046021094,26360.39285714286,0.45542760238991997
2022-05-03,US,1974,NA_US_Healthline_ATS,New Envelope,82822.0,0.22693806201205868,55325.0,0.023245798291573916,36672.357142857145,0.2044357019108849
2022-05-03,US,13296,NA_US_MLB_ATS,New Envelope,79992.0,-0.14142194744976821,75235.71428571429,0.05631895958649835,67805.25,-0.02403232000049349
2022-05-03,US,1267,NA_US_Chegg_ATS,New Envelope,79037.0,0.06991823695040078,60914.142857142855,0.3105895515277439,41906.642857142855,0.564214337513864
2022-05-03,US,1270,NA_US_Ziff Davis- EDH_ATS,New Envelope,77628.0,0.20187648051525797,56478.42857142857,-0.13447379770695733,59207.53571428572,-0.0603043872576805
2022-05-03,US,2166,NA_US_Vertical Scope_ATS,New Envelope,76352.0,-0.040888364088585205,73508.0,-0.005437125146655508,72781.67857142857,-0.0035401224471635073
2022-05-03,US,2102,NA_US_iHeartMedia_ATS,New Envelope,63210.0,0.030956419624217135,48539.0,-0.10533078796655915,48885.892857142855,0.4797204021867092
2022-05-03,US,1290,NA_US_Lensa_ATS,New Envelope,50514.0,0.04094627733014611,43596.71428571428,-0.07959453264488747,48597.42857142857,-0.1697405423941024
2022-05-03,US,115,NA_US_Advanced Digital_ATS,New Envelope,44760.0,0.059809632050007,39884.28571428572,-0.009767897171069295,39075.21428571428,0.09976649816606065
2022-05-03,US,1262,NA_US_Nexstar_ATS,New Envelope,44173.0,0.01216717840612258,34006.142857142855,0.007798442851639109,32435.714285714286,-0.01910700071606708
2022-05-03,US,1420,NA_US_Conde Nast - Vanity Fair_ATS,New Envelope,43122.0,0.4748614816334906,25476.428571428572,0.11092076821010544,21098.35714285714,0.05819448076723277
2022-05-03,US,13252,NA_US_Penske Media (PMC)_ATS,New Envelope,38481.0,-0.26835250499096874,33343.71428571428,-0.013808022849996271,35135.53571428572,0.1368699977119192
2022-05-03,US,1411,NA_US_Conde Nast - CNNTraveler_ATS,New Envelope,38292.0,0.8554123461575733,26746.85714285714,-0.03106644379007517,24742.35714285714,0.4791551905988052
2022-05-03,US,44,NA_US_Mediavine_ATS,New Envelope,37634.0,0.004537689515268006,36386.71428571428,-0.014329940791764972,37293.03571428572,-0.14420860163764992
2022-05-03,US,111,NA_US_Raptive -Cafe Media_ATS,New Envelope,36773.0,0.00032643290443679085,33013.42857142857,-0.021497135550088586,34373.392857142855,0.03725118279106354
2022-05-03,US,1329,NA_US_Quizlet - Pubmatic_ATS,New Envelope,35192.0,0.060638939119951774,25294.714285714286,0.16028518443280926,20217.64285714286,0.46379266208294667
2022-05-03,US,26,NA_US_Hometalk_ATS,New Envelope,34266.0,-0.028658899566289642,31314.714285714286,-0.007704669428034605,57162.28571428572,-0.39318444107776274
2022-05-03,US,1436,NA_US_Tribune Publishing_ATS,New Envelope,34192.0,0.035619093772716326,29651.428571428572,0.015484723207514817,29777.5,0.05189917654198095
2022-05-03,US,122,NA_US_Firefly Engagement_ATS,New Envelope,32624.0,0.045038119033890656,27893.85714285714,0.04936261232211181,28222.5,-0.09741845436208352
2022-05-03,US,13258,NA_US_Fox News_ATS,New Envelope,32027.0,-0.25452725664540754,33831.28571428572,0.13136761242302497,29888.39285714286,-0.7756860422105596
2022-05-03,US,1410,NA_US_Conde Nast - Bon Appetit_ATS,New Envelope,31710.0,-0.2723559512609284,36858.42857142857,0.26111502140888043,32049.35714285714,0.17499594098453364
2022-05-03,US,1319,NA_US_USAToday_ATS,New Envelope,31689.0,0.005457372211822298,29179.428571428572,0.06481495962423689,28871.928571428572,0.07312067752512186
2022-05-03,US,1283,NA_NA-CA_Cox Auto_ATS,New Envelope,29739.0,0.028568464012727945,27249.428571428572,-0.03764731998708426,27466.85714285714,-0.025483316290391467
2022-05-03,US,101,NA_US_SlickDeals_ATS,New Envelope,29024.0,-0.12218727316719091,28074.14285714286,0.06664097567859484,27173.14285714286,0.129097506140045
2022-05-03,US,2101,NA_US_Synacor_ATS,New Envelope,26246.0,0.14157713888043144,20701.285714285714,0.008336174683914122,19859.785714285714,-0.04564013407314982
2022-05-03,US,1256,NA_US_American Media Inc_ATS,New Envelope,25211.0,0.20580638989860334,16461.0,0.06723288381742742,15046.67857142857,0.038607554370066355
2022-05-03,US,1434,NA_US_DailyVoice_ATS,New Envelope,23384.0,0.14470334834540832,21234.85714285714,0.055747718313860606,20493.071428571428,-0.05843453661450215
2022-05-03,US,13233,NA_US_Realtor.com_ATS,New Envelope,23038.0,-0.0025544443001255246,86136.71428571429,-0.19924859460098354,90428.57142857143,0.09575429830396098
2022-05-03,US,1415,NA_US_Conde Nast - Self_ATS,New Envelope,21121.0,0.06456653225806441,16503.285714285714,0.137586040511664,14955.57142857143,0.47463834462552645
2022-05-03,US,1412,NA_US_Conde Nast - Epicurious_ATS,New Envelope,20580.0,0.13276089828269488,19169.85714285714,-0.018727605118830093,17588.428571428572,0.526290669493154
2022-05-03,US,1330,NA_US_United Online_ATS,New Envelope,19806.0,0.011129262813967644,17938.571428571428,-0.03696602500191748,18120.535714285714,-0.021873030010352457
2022-05-03,US,1383,NA_US_Leaf Group - livestrong.com_ATS,New Envelope,19128.0,0.05551263657432948,17849.285714285714,0.02484497522884621,18344.14285714286,-0.052847619837911086
2022-05-03,US,1972,NA_US_Legacy.com_ATS,New Envelope,17632.0,-0.04614552339734923,16369.42857142857,-0.005044847916503947,16311.32142857143,-0.07253908106198126
2022-05-03,US,13248,NA_US_Salem Media_ATS,New Envelope,17486.0,-0.06726409558862756,17373.285714285714,-0.09015209893538234,18676.785714285714,-0.011008546232679217
2022-05-03,US,1408,NA_US_Conde Nast - architecturaldigest_ATS,New Envelope,16989.0,-0.15464994775339602,18889.285714285714,0.1260091289981946,16784.214285714286,0.49071392546398673
2022-05-03,US,13306,NA_US_TeamSnap_ATS,New Envelope,16606.0,0.05905612244897962,13927.57142857143,-0.039818389536716015,13655.214285714286,-0.017352954782599683
2022-05-03,US,2,Index Envelope Return,New Envelope,15969.0,-0.0003755868544600416,15967.0,-2.684035357691794e-05,15893.75,-0.005219510014306095
2022-05-03,US,33,NA_US_Newsweek_ATS,New Envelope,15767.0,-0.012649508422568734,17230.428571428572,-0.014776755811863773,17646.214285714286,0.23115065769310306
2022-05-03,US,1288,NA_US_Golf_ATS,New Envelope,15638.0,0.21422470688718076,21036.428571428572,-0.021470435788046638,22352.178571428572,1.671696776176491
2022-05-03,US,1328,NA_US_Brainly_ATS,New Envelope,15483.0,0.015478454777989148,10229.0,0.229827213080966,8393.714285714286,0.38649047253849345
2022-05-03,US,1407,NA_US_Conde Nast - allure_ATS,New Envelope,13233.0,0.5599434162442531,10109.142857142857,-0.09562150141860293,8710.035714285714,0.6745008376589492
2022-05-03,US,106,NA_US_Freestar_ATS,New Envelope,13227.0,-0.05019388194743646,12671.285714285714,-0.08845292171089147,12747.107142857143,-0.26414370803172527
2022-05-03,US,1413,NA_US_Conde Nast - GQ_ATS,New Envelope,12429.0,0.775064267352185,12249.714285714286,0.16100031141259463,10382.107142857143,0.3388123353536099
2022-05-03,US,13257,NA_US_MediaNews Group_ATS,New Envelope,9285.0,-0.0687995186039515,8847.42857142857,-0.2312027508472262,11158.07142857143,0.04018218320198974
2022-05-03,US,72,NA_US_Sovrn_ATS,New Envelope,8521.0,0.1384101536406146,8661.285714285714,-0.05654886948944182,8766.5,0.04647851296043659
2022-05-03,US,1322,NA_US_AH Belo_ATS,New Envelope,7275.0,-0.042511187154514296,7124.428571428572,0.06616641012485025,6776.071428571428,0.15569930985752478
2022-05-03,US,2158,NA_US_Comcast NBCUniversal Today.com_ATS,New Envelope,7088.0,-0.0867156294291973,5620.857142857143,0.08221250378194012,4402.928571428572,0.1904288293855796
2022-05-03,US,12243,EU_UK_Future_Publishing,New Envelope,6839.0,-0.13221672376601956,6635.0,0.07536466774716377,4869.714285714285,1.8211536869982616
2022-05-03,US,1416,NA_US_Conde Nast - Pitchfork_ATS,New Envelope,6802.0,0.33398705628554626,5683.428571428572,-0.060102060102060095,4943.107142857143,0.7928600111400408
2022-05-03,US,2146,NA_US_Comcast NBCUniversal MSNBC_ATS,New Envelope,6750.0,-0.4790460754804353,9502.142857142857,-0.1168191414496833,8630.392857142857,0.07764448804851942
2022-05-03,US,2124,NA_US_Comcast NBCUniversal NBC News_ATS,New Envelope,6642.0,-0.07493036211699167,5243.571428571428,-0.0997498283135485,5910.821428571428,0.12214553048383592
2022-05-03,US,13251,e2etests: PS - Test Ridealong Open ID Consumer,New Envelope,5999.0,-0.0016641704110500477,6003.285714285715,-0.0010222032044880924,6081.785714285715,-0.026391318765508265
2022-05-03,US,1417,NA_US_Conde Nast - Teen Vogue_ATS,New Envelope,5780.0,0.2125026221942521,4425.0,0.9936281135354317,2735.5714285714284,0.3609082671499386
2022-05-03,US,1405,NA_US_McClatchy_ATS,New Envelope,5278.0,-0.02709677419354839,3815.0,0.8895492818226844,2000.642857142857,6.889859154929577
2022-05-03,US,13243,NA_US_Camfrog_ATS,New Envelope,5125.0,0.2110113421550095,4329.428571428572,0.06381634372367317,4314.714285714285,-0.0018341953500669028
2022-05-03,US,1352,NA_US_Drugs.com_ATS,New Envelope,4838.0,-0.09043053205489748,4566.142857142857,0.13864842720245085,4089.1071428571427,-0.028641480941028807
2022-05-03,US,1414,NA_US_Conde Nast - Glamour_ATS,New Envelope,4639.0,0.2337765957446809,8337.42857142857,0.3924225795676861,6799.25,0.7669240621461586
2022-05-03,US,2161,NA_US_Fandom_ATS,New Envelope,4528.0,-0.03185802865084453,4552.285714285715,0.007270198508028791,4467.464285714285,0.002886257406056192
2022-05-03,US,1303,NA_US_Clique Brands_ATS,New Envelope,4519.0,-0.07756685037762812,4836.428571428572,-0.08368744417679375,4966.214285714285,0.06202408865603015
2022-05-03,US,1323,NA_US_Adapex_ATS,New Envelope,3536.0,0.21512027491408925,2196.714285714286,-0.31272906051667115,2150.75,0.05059227857155313
2022-05-03,US,1422,NA_US_Conde Nast - Wired_ATS,New Envelope,3525.0,0.01996527777777768,5096.428571428572,-0.11006061815551171,5033.25,0.2108722548716364
2022-05-03,US,6789,e2etests: scoped env with pel partner id,New Envelope,3024.0,-0.001980198019801982,3026.714285714286,-0.001084394153701096,3076.3928571428573,-0.031199037261142926
2022-05-03,US,1273,NA_US_Black Press Media - StarAdvertiser_ATS,New Envelope,2905.0,0.4033816425120773,1986.142857142857,0.18333475189377824,1806.0714285714287,0.0461532096236994
2022-05-03,US,13218,NA_US_The Tampa Bay Times_ATS,New Envelope,2798.0,0.31670588235294117,1573.857142857143,-0.014932045779685321,1581.2857142857142,-0.13542012458260932
2022-05-03,US,1260,NA_US_Media Tradecraft_ATS,New Envelope,2725.0,-0.4360513245033113,2052.8571428571427,0.1716265796983285,1712.7142857142858,0.13363118454955902
2022-05-03,US,1971,NA_US_Stocktwits_ATS,New Envelope,2633.0,-0.028054632705795446,2217.714285714286,-0.027135426458607448,2015.2857142857142,
2022-05-03,US,1419,NA_US_Conde Nast - Them.us_ATS,New Envelope,2025.0,-0.15201005025125625,1388.7142857142858,-0.25125163675575757,1583.857142857143,0.46367866926301193
2022-05-03,US,88,NA_US_Insticator_ATS,New Envelope,1669.0,0.07956015523932725,1495.2857142857142,0.06048632218844974,1495.8214285714287,0.5200885566000073
2022-05-03,US,1285,NA_US_Tapatalk_ATS,New Envelope,1574.0,0.15480557593543653,1188.2857142857142,0.08505087398904254,1083.107142857143,-0.04146780871708966
2022-05-03,US,1282,NA_US_TSM Solomid_ATS,New Envelope,1556.0,0.12671976828385234,1220.5714285714287,0.21036974075648107,1005.5357142857143,-0.011827881510599436
2022-05-03,US,1289,NA_US_Trion Interactive_ATS,New Envelope,1307.0,0.1316017316017315,867.2857142857143,0.17065175472425764,764.6071428571429,-0.15838509316770177
2022-05-03,US,1297,NA_US_Grand Play Media_ATS,New Envelope,1006.0,-0.03915950334288443,968.8571428571429,-0.008769365682548935,960.1428571428571,0.046355038337290155
2022-05-03,US,1385,NA_US_Leaf Group - onlyinyourstate.com_ATS,New Envelope,941.0,0.06931818181818183,787.8571428571429,0.028342345702032423,759.7142857142857,0.13347897905898654
2022-05-03,US,13250,NA_US_Playwire_ATS,New Envelope,829.0,0.01842751842751844,674.0,0.041501103752759505,668.8571428571429,0.05278542919781892
2022-05-03,US,1427,NA_US_LSN.com_ATS,New Envelope,818.0,0.01995012468827939,799.1428571428571,0.003948312993539149,799.1428571428571,-0.02108670924840328
2022-05-03,US,1365,NA_US_Leaf Group - cuteness.com_ATS,New Envelope,814.0,0.19882179675994105,571.0,-0.03941360249939918,558.7857142857143,0.2953059028065237
2022-05-03,US,13284,NA_US_Hearst - houstonchronicle.com_ATS,New Envelope,671.0,0.23345588235294112,543.2857142857143,-0.040373454453696556,613.7857142857143,-0.01025109421792203
2022-05-03,US,13285,NA_US_Hearst - sfchronicle.com_ATS,New Envelope,636.0,-0.07558139534883723,650.8571428571429,-0.1251920122887864,733.5,-0.24958895100295952
2022-05-03,US,1291,NA_US_Adscend Media_ATS,New Envelope,602.0,-0.051968503937007915,594.4285714285714,-0.014914772727272707,614.0357142857143,-0.10574222407156963
2022-05-03,US,96,NA_US_Nasdaq_ATS,New Envelope,532.0,0.025048169556840083,417.85714285714283,-0.008138351983723369,416.5,0.15705923206667327
2022-05-03,US,1432,NA_US_spot.im / openweb_ATS,New Envelope,498.0,0.09691629955947145,397.2857142857143,-0.15187557182067712,421.92857142857144,0.079396984924623
2022-05-03,US,84,NA_US_JoeTec_ATS,New Envelope,497.0,0.24874371859296485,421.0,-0.003381805884342226,495.85714285714283,-0.28151521424135795
2022-05-03,US,1400,NA_US_Leaf Group - techwalla.com_ATS,New Envelope,454.0,2.1527777777777777,208.57142857142858,-0.07886435331230268,220.46428571428572,-0.05698136266422238
2022-05-03,US,1368,NA_US_Leaf Group - ehow.com_ATS,New Envelope,433.0,0.42434210526315796,971.7142857142857,-0.09064171122994669,841.9285714285714,0.16065186352222938
2022-05-03,US,1451,APAC_Digital Photography School_ATS,New Envelope,420.0,0.23529411764705888,1764.5714285714287,-0.04455445544554448,1708.857142857143,0.19694809255784884
2022-05-03,US,1409,NA_US_Conde Nast - arstechnica_NA_US_,New Envelope,387.0,4.16,362.2857142857143,-0.6807251668135466,740.5714285714286,0.25657496061083496
2022-05-03,US,1404,NA_US_Paltalk_ATS,New Envelope,371.0,-0.04134366925064603,380.7142857142857,0.05586370839936605,388.2142857142857,0.07114702404414652
2022-05-03,US,13282,NA_US_Hearst - timesunion.com_ATS,New Envelope,336.0,-0.07945205479452055,308.57142857142856,-0.053876478318002796,346.82142857142856,-0.0038978356754539867
2022-05-03,US,13253,e2etests: envelope api test,New Envelope,332.0,-0.10512129380053903,341.7142857142857,-0.028037383177569986,487.60714285714283,-0.2812319031324033
2022-05-03,US,1333,NA_US_Dictionary.com - Pubmatic_ATS,New Envelope,285.0,0.1776859504132231,246.28571428571428,-0.01598173515981738,240.78571428571428,0.004619281776188311
2022-05-03,US,1334,NA_US_Newsmax_ATS,New Envelope,271.0,-0.18862275449101795,476.0,-0.23996350364963515,680.25,
2022-05-03,US,13283,NA_US_Hearst - expressnews.com_ATS,New Envelope,239.0,0.20100502512562812,228.0,0.1223628691983123,239.0,-0.05225888684322333
2022-05-03,US,12220,NA_US_PGA Tour_ATS,New Envelope,226.0,-0.13409961685823757,584.8571428571429,-0.02477370176274407,683.2857142857143,0.21751304569174001
2022-05-03,US,13336,NA_US_Red Ventures - gamespot.com_ATS,New Envelope,219.0,0.13471502590673579,209.28571428571428,-0.04373368146214107,,
2022-05-03,US,1350,NA_US_Brainjolt_ATS,New Envelope,216.0,0.023696682464454888,190.0,0.10099337748344372,169.85714285714286,0.15241095226556833
2022-05-03,US,1263,NA_US_DailyCaller_ATS,New Envelope,205.0,-0.13502109704641352,182.71428571428572,-0.020673813169984734,192.82142857142858,-0.21957213067360504
2022-05-03,US,2170,NA_US_Curiosity Media_ATS,New Envelope,200.0,-0.04761904761904767,174.85714285714286,-0.04598597038191732,167.53571428571428,0.5610648918469217
2022-05-03,US,1279,NA_US_VentureBeat_ATS,New Envelope,163.0,0.05844155844155852,136.14285714285714,-0.15062388591800357,137.85714285714286,0.888454011741683
2022-05-03,US,13301,NA_US_Motorsport Network_ATS,New Envelope,145.0,0.07407407407407418,145.0,0.06842105263157894,142.25,0.20042194092827015
2022-05-03,US,1378,NA_US_Leaf Group - hunker.com_ATS,New Envelope,141.0,-0.013986013986013957,221.14285714285714,0.11768953068592047,197.60714285714286,0.00911909538573763
2022-05-03,US,13332,NA_US_Red Ventures - cnet.com_ATS,New Envelope,136.0,-0.15000000000000002,147.42857142857142,0.1834862385321101,,
2022-05-03,US,13278,NA_US_Hearst - ctpost.com_ATS,New Envelope,109.0,0.3292682926829269,91.85714285714286,-0.24618991793669398,109.21428571428571,-0.030744849445324962
2022-05-03,US,1320,NA_US_Encyclopedia Britannica_ATS,New Envelope,104.0,0.22352941176470598,93.28571428571429,0.07755775577557755,427.07142857142856,-0.16969865296486608
2022-05-03,US,13343,NA_US_Red Ventures - zdnet.com_ATS,New Envelope,83.0,0.012195121951219523,66.71428571428571,-0.1238273921200751,,
2022-05-03,US,13287,APAC_NZME_ATS,New Envelope,73.0,0.10606060606060597,56.714285714285715,0.12464589235127477,53.464285714285715,-0.036679536679536606
2022-05-03,US,1394,NA_US_Leaf Group - sapling.com_ATS,New Envelope,61.0,-0.419047619047619,56.142857142857146,-0.162046908315565,59.785714285714285,0.06896551724137923
2022-05-03,US,13222,NA_US_Tegna_ATS,New Envelope,60.0,0.22448979591836737,47.0,-0.9272445820433437,735.0357142857143,1.1983550523392439
2022-05-03,US,13297,EU_UK_PlanetSport,New Envelope,52.0,1.4761904761904763,37.42857142857143,-0.21556886227544902,60.07142857142857,0.4290569243840272
2022-05-03,US,1354,APAC_HK_Networld,New Envelope,43.0,-0.6838235294117647,172.0,-0.1147058823529411,174.10714285714286,-0.30057388809182206
2022-05-03,US,13338,NA_US_Red Ventures - Metacritic_ATS,New Envelope,36.0,0.16129032258064524,32.142857142857146,0.008968609865470878,,
2022-05-03,US,13267,NA_US_YourTango_ATS,New Envelope,36.0,0.125,34.714285714285715,0.051948051948051965,35.392857142857146,-0.0606635071090047
2022-05-03,US,1360,NA_US_Gateway Blend_ATS,New Envelope,30.0,-0.4444444444444444,48.857142857142854,-0.15970515970515975,79.21428571428571,-0.2351724137931035
2022-05-03,US,1257,NA_US_24hourcampfire_ATS,New Envelope,29.0,-0.12121212121212122,33.857142857142854,0.012820512820512775,31.535714285714285,-0.09435897435897433
2022-05-03,US,1302,NA_US_KenKen Puzzles_ATS,New Envelope,23.0,0.4375,20.142857142857142,0.13709677419354827,17.642857142857142,0.09050772626931569
2022-05-03,US,13279,NA_US_Hearst - mysanantonio.com_ATS,New Envelope,22.0,-0.18518518518518523,22.0,-0.012820512820512775,26.678571428571427,0.09691629955947123
2022-05-03,US,13305,NA_US_Freebies_ATS,New Envelope,13.0,-0.45833333333333337,17.571428571428573,-0.2807017543859648,21.321428571428573,0.3476297968397293
2022-05-03,US,1460,NA_US_Brit & Co_ATS,New Envelope,12.0,-0.07692307692307687,11.285714285714286,-0.28828828828828823,13.821428571428571,0.11206896551724133
2022-05-03,US,13281,NA_US_Hearst - sfgate.com_ATS,New Envelope,11.0,0.375,9.571428571428571,-0.2209302325581396,11.214285714285714,-0.13736263736263743
2022-05-03,US,13229,NA_US_LoveToKnow_ATS,New Envelope,11.0,0.10000000000000009,11.714285714285714,0.3015873015873014,11.535714285714286,-0.3394683026584867
2022-05-03,US,76,NA_US_Pub Galaxy_RTIS,New Envelope,5.0,-0.9988526847177605,3685.0,,,
2022-05-03,US,1331,NA_US_EliteProspects.com_ATS,New Envelope,4.0,-0.4285714285714286,2.5714285714285716,-0.33333333333333326,3.607142857142857,0.07446808510638303
2022-05-03,US,121,NA_US_Livingly_ATS,New Envelope,3.0,2.0,3.5714285714285716,0.38888888888888884,5.285714285714286,-0.3211009174311926
2022-05-03,US,41,APAC_JP_Retty,New Envelope,2.0,1.0,1.4285714285714286,0.0,1.4642857142857142,0.10810810810810811
2022-05-03,US,13303,NA_US_ProProfs_ATS,New Envelope,2.0,1.0,1.4285714285714286,-0.09090909090909083,1.9285714285714286,-0.2702702702702703
2022-05-03,US,1299,NA_US_Aditude.io_ATS,New Envelope,2.0,-0.6,3.4285714285714284,-0.25,3.9642857142857144,-0.32727272727272727
2022-05-03,US,1304,NA_US_Shmoop_ATS,New Envelope,1.0,-0.875,4.0,-0.125,4.392857142857143,0.08849557522123908
